中文,原形,词干,副动词-p,否定词干,命令式,否定命令式,将来时-мен,将来时-сен,将来时-сиз,将来时-ал,将来时-биз,将来时-силер,将来时-сиздер,将来时-алар,正在时-мен,正在时-сен,正在时-сиз,正在时-ал,正在时-биз,正在时-силер,正在时-сиздер,正在时-алар,过去时-мен,过去时-сен,过去时-сиз,过去时-ал,过去时-биз,过去时-силер,过去时-сиздер,过去时-алар,过去否定-мен,过去否定-сен,过去否定-сиз,过去否定-ал,过去否定-биз,过去否定-силер,过去否定-сиздер,过去否定-алар,将来否定-мен,将来否定-сен,将来否定-сиз,将来否定-ал,将来否定-биз,将来否定-силер,将来否定-сиздер,将来否定-алар
去,баруу,бар,барып,барба,бар,барба,барамын,барасың,барасыз,барат,барабыз,барасыңар,барасыздар,барышат,барып жатамын,барып жатасың,барып жатасыз,барып жатат,барып жатабыз,барып жатасыңар,барып жатасыздар,барып жатышат,бардым,бардың,бардыңыз,барды,бардык,бардыңар,бардыңыздар,барышты,барбадым,барбадың,барбадыңыз,барбады,барбадык,барбадыңар,барбадыңыздар,барбашты,барбаймын,барбайсың,барбайсыз,барбайт,барбайбыз,барбайсыңар,барбайсыздар,барышпайт
来,келүү,кел,келип,келбе,кел,келбе,келемин,келесиң,келесиз,келет,келебиз,келесиңер,келесиздер,келишет,келип жатамын,келип жатасың,келип жатасыз,келип жатат,келип жатабыз,келип жатасыңар,келип жатасыздар,келип жатышат,келдим,келдиң,келдиңиз,келди,келдик,келдиңер,келдиңиздер,келишти,келбедим,келбедиң,келбедиңиз,келбеди,келбедик,келбедиңер,келбедиңиздер,келбешти,келбеймин,келбейсиң,келбейсиз,келбейт,келбейбиз,келбейсиңер,келбейсиздер,келишпейт
读；学习,окуу,оку,окуп,окубо,оку,окубо,окуймун,окуйсуң,окуйсуз,окуйт,окуйбуз,окуйсыңар,окуйсыздар,окушат,окуп жатамын,окуп жатасың,окуп жатасыз,окуп жатат,окуп жатабыз,окуп жатасыңар,окуп жатасыздар,окуп жатышат,окудум,окудуң,окудуңуз,окуду,окудук,окудуңар,окудуңуздар,окушту,окубодум,окубодуң,окубодуңуз,окубоду,окубодук,окубодуңар,окубодуңуздар,окубошту,окубаймын,окубайсың,окубайсыз,окубайт,окубайбыз,окубайсыңар,окубайсыздар,окушпайт
写,жазуу,жаз,жазып,жазба,жаз,жазба,жазамын,жазасың,жазасыз,жазат,жазабыз,жазасыңар,жазасыздар,жазышат,жазып жатамын,жазып жатасың,жазып жатасыз,жазып жатат,жазып жатабыз,жазып жатасыңар,жазып жатасыздар,жазып жатышат,жаздым,жаздың,жаздыңыз,жазды,жаздык,жаздыңар,жаздыңыздар,жазышты,жазбадым,жазбадың,жазбадыңыз,жазбады,жазбадык,жазбадыңар,жазбадыңыздар,жазбашты,жазбаймын,жазбайсың,жазбайсыз,жазбайт,жазбайбыз,жазбайсыңар,жазбайсыздар,жазышпайт
说话,сүйлөө,сүйлө,сүйлөп,сүйлөбө,сүйлө,сүйлөбө,сүйлөймүн,сүйлөйсүң,сүйлөйсүз,сүйлөйт,сүйлөйбүз,сүйлөйсүңөр,сүйлөйсүздөр,сүйлөшөт,сүйлөп жатамын,сүйлөп жатасың,сүйлөп жатасыз,сүйлөп жатат,сүйлөп жатабыз,сүйлөп жатасыңар,сүйлөп жатасыздар,сүйлөп жатышат,сүйлөдүм,сүйлөдүң,сүйлөдүңүз,сүйлөдү,сүйлөдүк,сүйлөдүңөр,сүйлөдүңүздөр,сүйлөштү,сүйлөбөдүм,сүйлөбөдүң,сүйлөбөдүңүз,сүйлөбөдү,сүйлөбөдүк,сүйлөбөдүңөр,сүйлөбөдүңүздөр,сүйлөбөштү,сүйлөбөймүн,сүйлөбөйсүң,сүйлөбөйсүз,сүйлөбөйт,сүйлөбөйбүз,сүйлөбөйсүңөр,сүйлөбөйсүздөр,сүйлөшпөйт
说；告诉,айтуу,айт,айтып,айтпа,айт,айтпа,айтамын,айтасың,айтасыз,айтат,айтабыз,айтасыңар,айтасыздар,айтышат,айтып жатамын,айтып жатасың,айтып жатасыз,айтып жатат,айтып жатабыз,айтып жатасыңар,айтып жатасыздар,айтып жатышат,айттым,айттың,айттыңыз,айтты,айттык,айттыңар,айттыңыздар,айтышты,айтпадым,айтпадың,айтпадыңыз,айтпады,айтпадык,айтпадыңар,айтпадыңыздар,айтпашты,айтпаймын,айтпайсың,айтпайсыз,айтпайт,айтпайбыз,айтпайсыңар,айтпайсыздар,айтышпайт
听见；听,угуу,ук,угуп,укпо,ук,укпо,угамын,угасың,угасыз,угат,угабыз,угасыңар,угасыздар,угушат,угуп жатамын,угуп жатасың,угуп жатасыз,угуп жатат,угуп жатабыз,угуп жатасыңар,угуп жатасыздар,угуп жатышат,уктум,уктуң,уктуңуз,укту,уктук,уктуңар,уктуңуздар,угушту,укподум,укподуң,укподуңуз,укподу,укподук,укподуңар,укподуңуздар,укпошту,укпаймын,укпайсың,укпайсыз,укпайт,укпайбыз,укпайсыңар,укпайсыздар,угушпайт
看见；看,көрүү,көр,көрүп,көрбө,көр,көрбө,көрөмүн,көрөсүң,көрөсүз,көрөт,көрөбүз,көрөсүңөр,көрөсүздөр,көрүшөт,көрүп жатамын,көрүп жатасың,көрүп жатасыз,көрүп жатат,көрүп жатабыз,көрүп жатасыңар,көрүп жатасыздар,көрүп жатышат,көрдүм,көрдүң,көрдүңүз,көрдү,көрдүк,көрдүңөр,көрдүңүздөр,көрүштү,көрбөдүм,көрбөдүң,көрбөдүңүз,көрбөдү,көрбөдүк,көрбөдүңөр,көрбөдүңүздөр,көрбөштү,көрбөймүн,көрбөйсүң,көрбөйсүз,көрбөйт,көрбөйбүз,көрбөйсүңөр,көрбөйсүздөр,көрүшпөйт
知道,билүү,бил,билип,билбе,бил,билбе,билемин,билесиң,билесиз,билет,билебиз,билесиңер,билесиздер,билишет,билип жатамын,билип жатасың,билип жатасыз,билип жатат,билип жатабыз,билип жатасыңар,билип жатасыздар,билип жатышат,билдим,билдиң,билдиңиз,билди,билдик,билдиңер,билдиңиздер,билишти,билбедим,билбедиң,билбедиңиз,билбеди,билбедик,билбедиңер,билбедиңиздер,билбешти,билбеймин,билбейсиң,билбейсиз,билбейт,билбейбиз,билбейсиңер,билбейсиздер,билишпейт
拿；得到；买,алуу,ал,алып,алба,ал,алба,аламын,аласың,аласыз,алат,алабыз,аласыңар,аласыздар,алышат,алып жатамын,алып жатасың,алып жатасыз,алып жатат,алып жатабыз,алып жатасыңар,алып жатасыздар,алып жатышат,алдым,алдың,алдыңыз,алды,алдык,алдыңар,алдыңыздар,алышты,албадым,албадың,албадыңыз,албады,албадык,албадыңар,албадыңыздар,албашты,албаймын,албайсың,албайсыз,албайт,албайбыз,албайсыңар,албайсыздар,алышпайт
给,берүү,бер,берип,бербе,бер,бербе,беремин,бересиң,бересиз,берет,беребиз,бересиңер,бересиздер,беришет,берип жатамын,берип жатасың,берип жатасыз,берип жатат,берип жатабыз,берип жатасыңар,берип жатасыздар,берип жатышат,бердим,бердиң,бердиңиз,берди,бердик,бердиңер,бердиңиздер,беришти,бербедим,бербедиң,бербедиңиз,бербеди,бербедик,бербедиңер,бербедиңиздер,бербешти,бербеймин,бербейсиң,бербейсиз,бербейт,бербейбиз,бербейсиңер,бербейсиздер,беришпейт
做,кылуу,кыл,кылып,кылба,кыл,кылба,кыламын,кыласың,кыласыз,кылат,кылабыз,кыласыңар,кыласыздар,кылышат,кылып жатамын,кылып жатасың,кылып жатасыз,кылып жатат,кылып жатабыз,кылып жатасыңар,кылып жатасыздар,кылып жатышат,кылдым,кылдың,кылдыңыз,кылды,кылдык,кылдыңар,кылдыңыздар,кылышты,кылбадым,кылбадың,кылбадыңыз,кылбады,кылбадык,кылбадыңар,кылбадыңыздар,кылбашты,кылбаймын,кылбайсың,кылбайсыз,кылбайт,кылбайбыз,кылбайсыңар,кылбайсыздар,кылышпайт
工作,иштөө,иште,иштеп,иштебе,иште,иштебе,иштеймин,иштейсиң,иштейсиз,иштейт,иштейбиз,иштейсиңер,иштейсиздер,иштешет,иштеп жатамын,иштеп жатасың,иштеп жатасыз,иштеп жатат,иштеп жатабыз,иштеп жатасыңар,иштеп жатасыздар,иштеп жатышат,иштедим,иштедиң,иштедиңиз,иштеди,иштедик,иштедиңер,иштедиңиздер,иштешти,иштебедим,иштебедиң,иштебедиңиз,иштебеди,иштебедик,иштебедиңер,иштебедиңиздер,иштебешти,иштебеймин,иштебейсиң,иштебейсиз,иштебейт,иштебейбиз,иштебейсиңер,иштебейсиздер,иштешпейт
生活；居住,жашоо,жаша,жашап,жашаба,жаша,жашаба,жашаймын,жашайсың,жашайсыз,жашайт,жашайбыз,жашайсыңар,жашайсыздар,жашашат,жашап жатамын,жашап жатасың,жашап жатасыз,жашап жатат,жашап жатабыз,жашап жатасыңар,жашап жатасыздар,жашап жатышат,жашадым,жашадың,жашадыңыз,жашады,жашадык,жашадыңар,жашадыңыздар,жашашты,жашабадым,жашабадың,жашабадыңыз,жашабады,жашабадык,жашабадыңар,жашабадыңыздар,жашабашты,жашабаймын,жашабайсың,жашабайсыз,жашабайт,жашабайбыз,жашабайсыңар,жашабайсыздар,жашашпайт
坐,отуруу,отур,отуруп,отурбо,отур,отурбо,отурамын,отурасың,отурасыз,отурат,отурабыз,отурасыңар,отурасыздар,отурушат,отуруп жатамын,отуруп жатасың,отуруп жатасыз,отуруп жатат,отуруп жатабыз,отуруп жатасыңар,отуруп жатасыздар,отуруп жатышат,отурдум,отурдуң,отурдуңуз,отурду,отурдук,отурдуңар,отурдуңуздар,отурушту,отурбодум,отурбодуң,отурбодуңуз,отурбоду,отурбодук,отурбодуңар,отурбодуңуздар,отурбошту,отурбаймын,отурбайсың,отурбайсыз,отурбайт,отурбайбыз,отурбайсыңар,отурбайсыздар,отурушпайт
站；起床,туруу,тур,туруп,турбо,тур,турбо,турамын,турасың,турасыз,турат,турабыз,турасыңар,турасыздар,турушат,туруп жатамын,туруп жатасың,туруп жатасыз,туруп жатат,туруп жатабыз,туруп жатасыңар,туруп жатасыздар,туруп жатышат,турдум,турдуң,турдуңуз,турду,турдук,турдуңар,турдуңуздар,турушту,турбодум,турбодуң,турбодуңуз,турбоду,турбодук,турбодуңар,турбодуңуздар,турбошту,турбаймын,турбайсың,турбайсыз,турбайт,турбайбыз,турбайсыңар,турбайсыздар,турушпайт
走；行走,жүрүү,жүр,жүрүп,жүрбө,жүр,жүрбө,жүрөмүн,жүрөсүң,жүрөсүз,жүрөт,жүрөбүз,жүрөсүңөр,жүрөсүздөр,жүрүшөт,жүрүп жатамын,жүрүп жатасың,жүрүп жатасыз,жүрүп жатат,жүрүп жатабыз,жүрүп жатасыңар,жүрүп жатасыздар,жүрүп жатышат,жүрдүм,жүрдүң,жүрдүңүз,жүрдү,жүрдүк,жүрдүңөр,жүрдүңүздөр,жүрүштү,жүрбөдүм,жүрбөдүң,жүрбөдүңүз,жүрбөдү,жүрбөдүк,жүрбөдүңөр,жүрбөдүңүздөр,жүрбөштү,жүрбөймүн,жүрбөйсүң,жүрбөйсүз,жүрбөйт,жүрбөйбүз,жүрбөйсүңөр,жүрбөйсүздөр,жүрүшпөйт
跑,чуркоо,чурка,чуркап,чуркаба,чурка,чуркаба,чуркаймын,чуркайсың,чуркайсыз,чуркайт,чуркайбыз,чуркайсыңар,чуркайсыздар,чуркашат,чуркап жатамын,чуркап жатасың,чуркап жатасыз,чуркап жатат,чуркап жатабыз,чуркап жатасыңар,чуркап жатасыздар,чуркап жатышат,чуркадым,чуркадың,чуркадыңыз,чуркады,чуркадык,чуркадыңар,чуркадыңыздар,чуркашты,чуркабадым,чуркабадың,чуркабадыңыз,чуркабады,чуркабадык,чуркабадыңар,чуркабадыңыздар,чуркабашты,чуркабаймын,чуркабайсың,чуркабайсыз,чуркабайт,чуркабайбыз,чуркабайсыңар,чуркабайсыздар,чуркашпайт
玩,ойноо,ойно,ойноп,ойнобо,ойно,ойнобо,ойноймун,ойнойсуң,ойнойсуз,ойнойт,ойнойбуз,ойнойсуңар,ойнойсуздар,ойношот,ойноп жатамын,ойноп жатасың,ойноп жатасыз,ойноп жатат,ойноп жатабыз,ойноп жатасыңар,ойноп жатасыздар,ойноп жатышат,ойнодум,ойнодуң,ойнодуңуз,ойноду,ойнодук,ойнодуңар,ойнодуңуздар,ойношту,ойнободум,ойнободуң,ойнободуңуз,ойнободу,ойнободук,ойнободуңар,ойнободуңуздар,ойнобошту,ойнобоймун,ойнобойсуң,ойнобойсуз,ойнобойт,ойнобойбуз,ойнобойсуңар,ойнобойсуздар,ойношпойт
笑,күлүү,күл,күлүп,күлбө,күл,күлбө,күлөмүн,күлөсүң,күлөсүз,күлөт,күлөбүз,күлөсүңөр,күлөсүздөр,күлүшөт,күлүп жатамын,күлүп жатасың,күлүп жатасыз,күлүп жатат,күлүп жатабыз,күлүп жатасыңар,күлүп жатасыздар,күлүп жатышат,күлдүм,күлдүң,күлдүңүз,күлдү,күлдүк,күлдүңөр,күлдүңүздөр,күлүштү,күлбөдүм,күлбөдүң,күлбөдүңүз,күлбөдү,күлбөдүк,күлбөдүңөр,күлбөдүңүздөр,күлбөштү,күлбөймүн,күлбөйсүң,күлбөйсүз,күлбөйт,күлбөйбүз,күлбөйсүңөр,күлбөйсүздөр,күлүшпөйт
哭,ыйлоо,ыйла,ыйлап,ыйлаба,ыйла,ыйлаба,ыйлаймын,ыйлайсың,ыйлайсыз,ыйлайт,ыйлайбыз,ыйлайсыңар,ыйлайсыздар,ыйлашат,ыйлап жатамын,ыйлап жатасың,ыйлап жатасыз,ыйлап жатат,ыйлап жатабыз,ыйлап жатасыңар,ыйлап жатасыздар,ыйлап жатышат,ыйладым,ыйладың,ыйладыңыз,ыйлады,ыйладык,ыйладыңар,ыйладыңыздар,ыйлашты,ыйлабадым,ыйлабадың,ыйлабадыңыз,ыйлабады,ыйлабадык,ыйлабадыңар,ыйлабадыңыздар,ыйлабашты,ыйлабаймын,ыйлабайсың,ыйлабайсыз,ыйлабайт,ыйлабайбыз,ыйлабайсыңар,ыйлабайсыздар,ыйлашпайт
喝,ичүү,ич,ичип,ичпе,ич,ичпе,ичемин,ичесиң,ичесиз,ичет,ичебиз,ичесиңер,ичесиздер,ичишет,ичип жатамын,ичип жатасың,ичип жатасыз,ичип жатат,ичип жатабыз,ичип жатасыңар,ичип жатасыздар,ичип жатышат,ичтим,ичтиң,ичтиңиз,ичти,ичтик,ичтиңер,ичтиңиздер,ичишти,ичпедим,ичпедиң,ичпедиңиз,ичпеди,ичпедик,ичпедиңер,ичпедиңиздер,ичпешти,ичпеймин,ичпейсиң,ичпейсиз,ичпейт,ичпейбиз,ичпейсиңер,ичпейсиздер,ичишпейт
吃,жеш,же,жеп,жебе,же,жебе,жеймин,жейсиң,жейсиз,жейт,жейбиз,жейсиңер,жейсиздер,жешет,жеп жатамын,жеп жатасың,жеп жатасыз,жеп жатат,жеп жатабыз,жеп жатасыңар,жеп жатасыздар,жеп жатышат,жедим,жедиң,жедиңиз,жеди,жедик,жедиңер,жедиңиздер,жешти,жебедим,жебедиң,жебедиңиз,жебеди,жебедик,жебедиңер,жебедиңиздер,жебешти,жебеймин,жебейсиң,жебейсиз,жебейт,жебейбиз,жебейсиңер,жебейсиздер,жешпейт
学习；学会,үйрөнүү,үйрөн,үйрөнүп,үйрөнбө,үйрөн,үйрөнбө,үйрөнөмүн,үйрөнөсүң,үйрөнөсүз,үйрөнөт,үйрөнөбүз,үйрөнөсүңөр,үйрөнөсүздөр,үйрөнүшөт,үйрөнүп жатамын,үйрөнүп жатасың,үйрөнүп жатасыз,үйрөнүп жатат,үйрөнүп жатабыз,үйрөнүп жатасыңар,үйрөнүп жатасыздар,үйрөнүп жатышат,үйрөндүм,үйрөндүң,үйрөндүңүз,үйрөндү,үйрөндүк,үйрөндүңөр,үйрөндүңүздөр,үйрөнүштү,үйрөнбөдүм,үйрөнбөдүң,үйрөнбөдүңүз,үйрөнбөдү,үйрөнбөдүк,үйрөнбөдүңөр,үйрөнбөдүңүздөр,үйрөнбөштү,үйрөнбөймүн,үйрөнбөйсүң,үйрөнбөйсүз,үйрөнбөйт,үйрөнбөйбүз,үйрөнбөйсүңөр,үйрөнбөйсүздөр,үйрөнүшпөйт
教,үйрөтүү,үйрөт,үйрөтүп,үйрөтпө,үйрөт,үйрөтпө,үйрөтөмүн,үйрөтөсүң,үйрөтөсүз,үйрөтөт,үйрөтөбүз,үйрөтөсүңөр,үйрөтөсүздөр,үйрөтүшөт,үйрөтүп жатамын,үйрөтүп жатасың,үйрөтүп жатасыз,үйрөтүп жатат,үйрөтүп жатабыз,үйрөтүп жатасыңар,үйрөтүп жатасыздар,үйрөтүп жатышат,үйрөттүм,үйрөттүң,үйрөттүңүз,үйрөттү,үйрөттүк,үйрөттүңөр,үйрөттүңүздөр,үйрөтүштү,үйрөтпөдүм,үйрөтпөдүң,үйрөтпөдүңүз,үйрөтпөдү,үйрөтпөдүк,үйрөтпөдүңөр,үйрөтпөдүңүздөр,үйрөтпөштү,үйрөтпөймүн,үйрөтпөйсүң,үйрөтпөйсүз,үйрөтпөйт,үйрөтпөйбүз,үйрөтпөйсүңөр,үйрөтпөйсүздөр,үйрөтүшпөйт
理解,түшүнүү,түшүн,түшүнүп,түшүнбө,түшүн,түшүнбө,түшүнөмүн,түшүнөсүң,түшүнөсүз,түшүнөт,түшүнөбүз,түшүнөсүңөр,түшүнөсүздөр,түшүнүшөт,түшүнүп жатамын,түшүнүп жатасың,түшүнүп жатасыз,түшүнүп жатат,түшүнүп жатабыз,түшүнүп жатасыңар,түшүнүп жатасыздар,түшүнүп жатышат,түшүндүм,түшүндүң,түшүндүңүз,түшүндү,түшүндүк,түшүндүңөр,түшүндүңүздөр,түшүнүштү,түшүнбөдүм,түшүнбөдүң,түшүнбөдүңүз,түшүнбөдү,түшүнбөдүк,түшүнбөдүңөр,түшүнбөдүңүздөр,түшүнбөштү,түшүнбөймүн,түшүнбөйсүң,түшүнбөйсүз,түшүнбөйт,түшүнбөйбүз,түшүнбөйсүңөр,түшүнбөйсүздөр,түшүнүшпөйт
爱；喜欢,сүйүү,сүй,сүйүп,сүйбө,сүй,сүйбө,сүйөмүн,сүйөсүң,сүйөсүз,сүйөт,сүйөбүз,сүйөсүңөр,сүйөсүздөр,сүйүшөт,сүйүп жатамын,сүйүп жатасың,сүйүп жатасыз,сүйүп жатат,сүйүп жатабыз,сүйүп жатасыңар,сүйүп жатасыздар,сүйүп жатышат,сүйдүм,сүйдүң,сүйдүңүз,сүйдү,сүйдүк,сүйдүңөр,сүйдүңүздөр,сүйүштү,сүйбөдүм,сүйбөдүң,сүйбөдүңүз,сүйбөдү,сүйбөдүк,сүйбөдүңөр,сүйбөдүңүздөр,сүйбөштү,сүйбөймүн,сүйбөйсүң,сүйбөйсүз,сүйбөйт,сүйбөйбүз,сүйбөйсүңөр,сүйбөйсүздөр,сүйүшпөйт
打开,ачуу,ач,ачып,ачпа,ач,ачпа,ачамын,ачасың,ачасыз,ачат,ачабыз,ачасыңар,ачасыздар,ачышат,ачып жатамын,ачып жатасың,ачып жатасыз,ачып жатат,ачып жатабыз,ачып жатасыңар,ачып жатасыздар,ачып жатышат,ачтым,ачтың,ачтыңыз,ачты,ачтык,ачтыңар,ачтыңыздар,ачышты,ачпадым,ачпадың,ачпадыңыз,ачпады,ачпадык,ачпадыңар,ачпадыңыздар,ачпашты,ачпаймын,ачпайсың,ачпайсыз,ачпайт,ачпайбыз,ачпайсыңар,ачпайсыздар,ачышпайт
关闭,жабуу,жап,жабып,жаппа,жап,жаппа,жабамын,жабасың,жабасыз,жабат,жабабыз,жабасыңар,жабасыздар,жабышат,жабып жатамын,жабып жатасың,жабып жатасыз,жабып жатат,жабып жатабыз,жабып жатасыңар,жабып жатасыздар,жабып жатышат,жаптым,жаптың,жаптыңыз,жапты,жаптык,жаптыңар,жаптыңыздар,жабышты,жаппадым,жаппадың,жаппадыңыз,жаппады,жаппадык,жаппадыңар,жаппадыңыздар,жаппашты,жаппаймын,жаппайсың,жаппайсыз,жаппайт,жаппайбыз,жаппайсыңар,жаппайсыздар,жабышпайт
进入,кирүү,кир,кирип,кирбе,кир,кирбе,киремин,киресиң,киресиз,кирет,киребиз,киресиңер,киресиздер,киришет,кирип жатамын,кирип жатасың,кирип жатасыз,кирип жатат,кирип жатабыз,кирип жатасыңар,кирип жатасыздар,кирип жатышат,кирдим,кирдиң,кирдиңиз,кирди,кирдик,кирдиңер,кирдиңиздер,киришти,кирбедим,кирбедиң,кирбедиңиз,кирбеди,кирбедик,кирбедиңер,кирбедиңиздер,кирбешти,кирбеймин,кирбейсиң,кирбейсиз,кирбейт,кирбейбиз,кирбейсиңер,кирбейсиздер,киришпейт
出去；出来,чыгуу,чык,чыгып,чыкпа,чык,чыкпа,чыгамын,чыгасың,чыгасыз,чыгат,чыгабыз,чыгасыңар,чыгасыздар,чыгышат,чыгып жатамын,чыгып жатасың,чыгып жатасыз,чыгып жатат,чыгып жатабыз,чыгып жатасыңар,чыгып жатасыздар,чыгып жатышат,чыктым,чыктың,чыктыңыз,чыкты,чыктык,чыктыңар,чыктыңыздар,чыгышты,чыкпадым,чыкпадың,чыкпадыңыз,чыкпады,чыкпадык,чыкпадыңар,чыкпадыңыздар,чыкпашты,чыкпаймын,чыкпайсың,чыкпайсыз,чыкпайт,чыкпайбыз,чыкпайсыңар,чыкпайсыздар,чыгышпайт
找到,табуу,тап,табып,таппа,тап,таппа,табамын,табасың,табасыз,табат,табабыз,табасыңар,табасыздар,табышат,табып жатамын,табып жатасың,табып жатасыз,табып жатат,табып жатабыз,табып жатасыңар,табып жатасыздар,табып жатышат,таптым,таптың,таптыңыз,тапты,таптык,таптыңар,таптыңыздар,табышты,таппадым,таппадың,таппадыңыз,таппады,таппадык,таппадыңар,таппадыңыздар,таппашты,таппаймын,таппайсың,таппайсыз,таппайт,таппайбыз,таппайсыңар,таппайсыздар,табышпайт
失去；弄丢,жоготуу,жогот,жоготуп,жоготпо,жогот,жоготпо,жоготомун,жоготосуң,жоготосуз,жоготот,жоготобуз,жоготосуңар,жоготосуздар,жоготушот,жоготуп жатамын,жоготуп жатасың,жоготуп жатасыз,жоготуп жатат,жоготуп жатабыз,жоготуп жатасыңар,жоготуп жатасыздар,жоготуп жатышат,жоготтум,жоготтуң,жоготтуңуз,жоготту,жоготтук,жоготтуңар,жоготтуңуздар,жоготушту,жоготподум,жоготподуң,жоготподуңуз,жоготподу,жоготподук,жоготподуңар,жоготподуңуздар,жоготпошту,жоготпоймун,жоготпойсуң,жоготпойсуз,жоготпойт,жоготпойбуз,жоготпойсуңар,жоготпойсуздар,жоготушпойт
等待,күтүү,күт,күтүп,күтпө,күт,күтпө,күтөмүн,күтөсүң,күтөсүз,күтөт,күтөбүз,күтөсүңөр,күтөсүздөр,күтүшөт,күтүп жатамын,күтүп жатасың,күтүп жатасыз,күтүп жатат,күтүп жатабыз,күтүп жатасыңар,күтүп жатасыздар,күтүп жатышат,күттүм,күттүң,күттүңүз,күттү,күттүк,күттүңөр,күттүңүздөр,күтүштү,күтпөдүм,күтпөдүң,күтпөдүңүз,күтпөдү,күтпөдүк,күтпөдүңөр,күтпөдүңүздөр,күтпөштү,күтпөймүн,күтпөйсүң,күтпөйсүз,күтпөйт,күтпөйбүз,күтпөйсүңөр,күтпөйсүздөр,күтүшпөйт
开始,баштоо,башта,баштап,баштаба,башта,баштаба,баштаймын,баштайсың,баштайсыз,баштайт,баштайбыз,баштайсыңар,баштайсыздар,башташат,баштап жатамын,баштап жатасың,баштап жатасыз,баштап жатат,баштап жатабыз,баштап жатасыңар,баштап жатасыздар,баштап жатышат,баштадым,баштадың,баштадыңыз,баштады,баштадык,баштадыңар,баштадыңыздар,башташты,баштабадым,баштабадың,баштабадыңыз,баштабады,баштабадык,баштабадыңар,баштабадыңыздар,баштабашты,баштабаймын,баштабайсың,баштабайсыз,баштабайт,баштабайбыз,баштабайсыңар,баштабайсыздар,башташпайт
完成；结束,бүтүрүү,бүтүр,бүтүрүп,бүтүрбө,бүтүр,бүтүрбө,бүтүрөмүн,бүтүрөсүң,бүтүрөсүз,бүтүрөт,бүтүрөбүз,бүтүрөсүңөр,бүтүрөсүздөр,бүтүрүшөт,бүтүрүп жатамын,бүтүрүп жатасың,бүтүрүп жатасыз,бүтүрүп жатат,бүтүрүп жатабыз,бүтүрүп жатасыңар,бүтүрүп жатасыздар,бүтүрүп жатышат,бүтүрдүм,бүтүрдүң,бүтүрдүңүз,бүтүрдү,бүтүрдүк,бүтүрдүңөр,бүтүрдүңүздөр,бүтүрүштү,бүтүрбөдүм,бүтүрбөдүң,бүтүрбөдүңүз,бүтүрбөдү,бүтүрбөдүк,бүтүрбөдүңөр,бүтүрбөдүңүздөр,бүтүрбөштү,бүтүрбөймүн,бүтүрбөйсүң,бүтүрбөйсүз,бүтүрбөйт,бүтүрбөйбүз,бүтүрбөйсүңөр,бүтүрбөйсүздөр,бүтүрүшпөйт
